id,indicator_score_id,company_id,company_name,company_ownership,company_isin,company_lei,company_location_hq_country_iso,company_location_hq_region,company_location_hq_country_name,company_industry_isic,company_wba_industry,company_location_oecd,company_location_g20,company_location_g7,company_location_eu,transformation_id,transformation_name,benchmark_id,benchmark_name,methodology_id,methodology_code,methodology_name,methodology_year,measurement_area_id,measurement_area_name,indicator_id,indicator_name,indicator_score,updated
"c784d123938ca70d82d41e122b92d64d","PT_00261-CSI-2025_A.08","PT_00261","BMW","Public","DE0005190003","YEH5ZCD6E441RHVHD759","DEU","Europe & Central Asia","Germany","C2910","Motor Vehicles & Parts","t","t","t","t","SO","Social","CSI","Social Benchmark","CSI-2025","CSI","Social Benchmark","2025","A","Respecting human rights","08","Grievance mechanisms for external individuals and communities","1.00","2026-05-15 06:44:57+00"
"f9edd6b5a37d438d01ba2e6f9191533c","PT_02548-CSI-2025_A.08","PT_02548","Mercedes-Benz","Public","DE0007100000","529900R27DL06UVNT076","DEU","Europe & Central Asia","Germany","C2910","Motor Vehicles & Parts","t","t","t","t","SO","Social","CSI","Social Benchmark","CSI-2025","CSI","Social Benchmark","2025","A","Respecting human rights","08","Grievance mechanisms for external individuals and communities","1.00","2026-05-15 06:44:57+00"
"839ecfe6379b128f125963bf091a9023","PT_01766-CSI-2025_A.08","PT_01766","Tesla","Public","US88160R1014","54930043XZGB27CTOV49","USA","North America","United States","C2910","Motor Vehicles & Parts","t","t","t",,"SO","Social","CSI","Social Benchmark","CSI-2025","CSI","Social Benchmark","2025","A","Respecting human rights","08","Grievance mechanisms for external individuals and communities","0.00","2026-05-15 06:44:57+00"
"542fc88729165149cd4c8cb118ef2999","PT_02007-CSI-2025_A.08","PT_02007","Volkswagen","Public","DE0007664039","529900NNUPAGGOMPXZ31","DEU","Europe & Central Asia","Germany","C2910","Motor Vehicles & Parts","t","t","t","t","SO","Social","CSI","Social Benchmark","CSI-2025","CSI","Social Benchmark","2025","A","Respecting human rights","08","Grievance mechanisms for external individuals and communities","1.00","2026-05-15 06:44:57+00"
"7033c3e5e8e42d83bf908b88394d6f35","PT_01812-CSI-2025_A.08","PT_01812","Toyota","Public","JP3633400001","5493006W3QUS5LMH6R84","JPN","East Asia & Pacific","Japan","C2910","Motor Vehicles & Parts","t","t","t",,"SO","Social","CSI","Social Benchmark","CSI-2025","CSI","Social Benchmark","2025","A","Respecting human rights","08","Grievance mechanisms for external individuals and communities","1.00","2026-05-15 06:44:57+00"
"6383f5e50b52f5915f2d61226769b04a","PT_02548-CSI-2025_B.09","PT_02548","Mercedes-Benz","Public","DE0007100000","529900R27DL06UVNT076","DEU","Europe & Central Asia","Germany","C2910","Motor Vehicles & Parts","t","t","t","t","SO","Social","CSI","Social Benchmark","CSI-2025","CSI","Social Benchmark","2025","B","Providing and promoting decent work","09","Health and safety fundamentals","0.00","2026-05-15 06:44:57+00"
"02d60094e8610045469fc834b779e33a","PT_02007-CSI-2025_B.09","PT_02007","Volkswagen","Public","DE0007664039","529900NNUPAGGOMPXZ31","DEU","Europe & Central Asia","Germany","C2910","Motor Vehicles & Parts","t","t","t","t","SO","Social","CSI","Social Benchmark","CSI-2025","CSI","Social Benchmark","2025","B","Providing and promoting decent work","09","Health and safety fundamentals","0.50","2026-05-15 06:44:57+00"
"acea8ee5c99c3f81383eff8ed29065b0","PT_01812-CSI-2025_B.09","PT_01812","Toyota","Public","JP3633400001","5493006W3QUS5LMH6R84","JPN","East Asia & Pacific","Japan","C2910","Motor Vehicles & Parts","t","t","t",,"SO","Social","CSI","Social Benchmark","CSI-2025","CSI","Social Benchmark","2025","B","Providing and promoting decent work","09","Health and safety fundamentals","0.50","2026-05-15 06:44:57+00"
"b5c5198cd8516bb04b2f0f15d08db524","PT_01766-CSI-2025_B.09","PT_01766","Tesla","Public","US88160R1014","54930043XZGB27CTOV49","USA","North America","United States","C2910","Motor Vehicles & Parts","t","t","t",,"SO","Social","CSI","Social Benchmark","CSI-2025","CSI","Social Benchmark","2025","B","Providing and promoting decent work","09","Health and safety fundamentals","0.00","2026-05-15 06:44:57+00"
"b5e74d029cfac86f9cda162ceb470567","PT_00261-CSI-2025_B.09","PT_00261","BMW","Public","DE0005190003","YEH5ZCD6E441RHVHD759","DEU","Europe & Central Asia","Germany","C2910","Motor Vehicles & Parts","t","t","t","t","SO","Social","CSI","Social Benchmark","CSI-2025","CSI","Social Benchmark","2025","B","Providing and promoting decent work","09","Health and safety fundamentals","0.50","2026-05-15 06:44:57+00"
"f82b7f2abae1d5b4eca8ba29074fc4f9","PT_00261-CSI-2025_C.17","PT_00261","BMW","Public","DE0005190003","YEH5ZCD6E441RHVHD759","DEU","Europe & Central Asia","Germany","C2910","Motor Vehicles & Parts","t","t","t","t","SO","Social","CSI","Social Benchmark","CSI-2025","CSI","Social Benchmark","2025","C","Acting ethically","17","Anti-bribery and anti-corruption fundamentals","1.00","2026-05-15 06:44:57+00"
"f78b8bc728e1835faf080fb3b0ef2f27","PT_02007-CSI-2025_C.16","PT_02007","Volkswagen","Public","DE0007664039","529900NNUPAGGOMPXZ31","DEU","Europe & Central Asia","Germany","C2910","Motor Vehicles & Parts","t","t","t","t","SO","Social","CSI","Social Benchmark","CSI-2025","CSI","Social Benchmark","2025","C","Acting ethically","16","Responsible tax fundamentals","0.00","2026-05-15 06:44:57+00"
"3951822377efa559891163b5037f5e45","PT_01766-CSI-2025_C.16","PT_01766","Tesla","Public","US88160R1014","54930043XZGB27CTOV49","USA","North America","United States","C2910","Motor Vehicles & Parts","t","t","t",,"SO","Social","CSI","Social Benchmark","CSI-2025","CSI","Social Benchmark","2025","C","Acting ethically","16","Responsible tax fundamentals","0.00","2026-05-15 06:44:57+00"
"b55f4f8a4463bf1b1bf419d0ed82bafa","PT_02548-CSI-2025_C.16","PT_02548","Mercedes-Benz","Public","DE0007100000","529900R27DL06UVNT076","DEU","Europe & Central Asia","Germany","C2910","Motor Vehicles & Parts","t","t","t","t","SO","Social","CSI","Social Benchmark","CSI-2025","CSI","Social Benchmark","2025","C","Acting ethically","16","Responsible tax fundamentals","0.00","2026-05-15 06:44:57+00"
"d80dca2a212276a8ea837eda3abc6975","PT_00261-CSI-2025_C.18","PT_00261","BMW","Public","DE0005190003","YEH5ZCD6E441RHVHD759","DEU","Europe & Central Asia","Germany","C2910","Motor Vehicles & Parts","t","t","t","t","SO","Social","CSI","Social Benchmark","CSI-2025","CSI","Social Benchmark","2025","C","Acting ethically","18","Responsible lobbying and political engagement fundamentals","0.25","2026-05-15 06:44:57+00"
"71bde31010787769843ed70adc34a8b0","PT_00261-CSI-2025_B.14","PT_00261","BMW","Public","DE0005190003","YEH5ZCD6E441RHVHD759","DEU","Europe & Central Asia","Germany","C2910","Motor Vehicles & Parts","t","t","t","t","SO","Social","CSI","Social Benchmark","CSI-2025","CSI","Social Benchmark","2025","B","Providing and promoting decent work","14","Gender equality and women’s empowerment fundamentals","0.25","2026-05-15 06:44:57+00"
"ac16e660d0dcb687b80f8eb70a677115","PT_01766-CSI-2025_B.14","PT_01766","Tesla","Public","US88160R1014","54930043XZGB27CTOV49","USA","North America","United States","C2910","Motor Vehicles & Parts","t","t","t",,"SO","Social","CSI","Social Benchmark","CSI-2025","CSI","Social Benchmark","2025","B","Providing and promoting decent work","14","Gender equality and women’s empowerment fundamentals","0.00","2026-05-15 06:44:57+00"
"96868b12d39c5023a68bd0ea618c556a","PT_00261-CSI-2025_A.05","PT_00261","BMW","Public","DE0005190003","YEH5ZCD6E441RHVHD759","DEU","Europe & Central Asia","Germany","C2910","Motor Vehicles & Parts","t","t","t","t","SO","Social","CSI","Social Benchmark","CSI-2025","CSI","Social Benchmark","2025","A","Respecting human rights","05","Assessing human rights risks and impacts","0.50","2026-05-15 06:44:57+00"
"1b4244dd56facb57de62b5af7a493aaf","PT_01812-CSI-2025_A.05","PT_01812","Toyota","Public","JP3633400001","5493006W3QUS5LMH6R84","JPN","East Asia & Pacific","Japan","C2910","Motor Vehicles & Parts","t","t","t",,"SO","Social","CSI","Social Benchmark","CSI-2025","CSI","Social Benchmark","2025","A","Respecting human rights","05","Assessing human rights risks and impacts","0.25","2026-05-15 06:44:57+00"
"3fe091127df544b6600e0cd323c7b825","PT_02548-CSI-2025_A.06","PT_02548","Mercedes-Benz","Public","DE0007100000","529900R27DL06UVNT076","DEU","Europe & Central Asia","Germany","C2910","Motor Vehicles & Parts","t","t","t","t","SO","Social","CSI","Social Benchmark","CSI-2025","CSI","Social Benchmark","2025","A","Respecting human rights","06","Integrating and acting on human rights risk and impact assessments","0.75","2026-05-15 06:44:57+00"
"5fff4c305f31d9113e6c3e1c7e3a5a6f","PT_02007-CSI-2025_A.06","PT_02007","Volkswagen","Public","DE0007664039","529900NNUPAGGOMPXZ31","DEU","Europe & Central Asia","Germany","C2910","Motor Vehicles & Parts","t","t","t","t","SO","Social","CSI","Social Benchmark","CSI-2025","CSI","Social Benchmark","2025","A","Respecting human rights","06","Integrating and acting on human rights risk and impact assessments","0.25","2026-05-15 06:44:57+00"
"5ef21c4a488a4137b323ec85741acef4","PT_01766-CSI-2025_A.06","PT_01766","Tesla","Public","US88160R1014","54930043XZGB27CTOV49","USA","North America","United States","C2910","Motor Vehicles & Parts","t","t","t",,"SO","Social","CSI","Social Benchmark","CSI-2025","CSI","Social Benchmark","2025","A","Respecting human rights","06","Integrating and acting on human rights risk and impact assessments","0.00","2026-05-15 06:44:57+00"
"29688cf4c209a5f1ac94f09683e1ad12","PT_00261-CSI-2025_A.06","PT_00261","BMW","Public","DE0005190003","YEH5ZCD6E441RHVHD759","DEU","Europe & Central Asia","Germany","C2910","Motor Vehicles & Parts","t","t","t","t","SO","Social","CSI","Social Benchmark","CSI-2025","CSI","Social Benchmark","2025","A","Respecting human rights","06","Integrating and acting on human rights risk and impact assessments","0.00","2026-05-15 06:44:57+00"
"42c438fa5559fcd01cdd906e49d82d1c","PT_02007-CSI-2025_A.07","PT_02007","Volkswagen","Public","DE0007664039","529900NNUPAGGOMPXZ31","DEU","Europe & Central Asia","Germany","C2910","Motor Vehicles & Parts","t","t","t","t","SO","Social","CSI","Social Benchmark","CSI-2025","CSI","Social Benchmark","2025","A","Respecting human rights","07","Grievance mechanisms for workers","1.00","2026-05-15 06:44:57+00"
"e4ce969360d027bd076f82a15001b344","PT_02548-CSI-2025_B.12","PT_02548","Mercedes-Benz","Public","DE0007100000","529900R27DL06UVNT076","DEU","Europe & Central Asia","Germany","C2910","Motor Vehicles & Parts","t","t","t","t","SO","Social","CSI","Social Benchmark","CSI-2025","CSI","Social Benchmark","2025","B","Providing and promoting decent work","12","Collective bargaining fundamentals","0.00","2026-05-15 06:44:57+00"
"0f78dd486b30299f746e392f3abef0f3","PT_01766-CSI-2025_B.12","PT_01766","Tesla","Public","US88160R1014","54930043XZGB27CTOV49","USA","North America","United States","C2910","Motor Vehicles & Parts","t","t","t",,"SO","Social","CSI","Social Benchmark","CSI-2025","CSI","Social Benchmark","2025","B","Providing and promoting decent work","12","Collective bargaining fundamentals","0.00","2026-05-15 06:44:57+00"
"74e01c32849f19b12367be566dd4529e","PT_02548-CSI-2025_B.13","PT_02548","Mercedes-Benz","Public","DE0007100000","529900R27DL06UVNT076","DEU","Europe & Central Asia","Germany","C2910","Motor Vehicles & Parts","t","t","t","t","SO","Social","CSI","Social Benchmark","CSI-2025","CSI","Social Benchmark","2025","B","Providing and promoting decent work","13","Workforce diversity disclosure fundamentals","0.67","2026-05-15 06:44:57+00"
"ebf30d1d5c825b78e4553307eeff377b","PT_01766-CSI-2025_B.13","PT_01766","Tesla","Public","US88160R1014","54930043XZGB27CTOV49","USA","North America","United States","C2910","Motor Vehicles & Parts","t","t","t",,"SO","Social","CSI","Social Benchmark","CSI-2025","CSI","Social Benchmark","2025","B","Providing and promoting decent work","13","Workforce diversity disclosure fundamentals","0.00","2026-05-15 06:44:57+00"
"6625a2741fb534402d18bdd0184db972","PT_01812-CSI-2025_A.03","PT_01812","Toyota","Public","JP3633400001","5493006W3QUS5LMH6R84","JPN","East Asia & Pacific","Japan","C2910","Motor Vehicles & Parts","t","t","t",,"SO","Social","CSI","Social Benchmark","CSI-2025","CSI","Social Benchmark","2025","A","Respecting human rights","03","Commitment to remedy","0.50","2026-05-15 06:44:57+00"
"acb3c5e9e0b82f6647ddaf705af6cc80","PT_01766-CSI-2025_A.03","PT_01766","Tesla","Public","US88160R1014","54930043XZGB27CTOV49","USA","North America","United States","C2910","Motor Vehicles & Parts","t","t","t",,"SO","Social","CSI","Social Benchmark","CSI-2025","CSI","Social Benchmark","2025","A","Respecting human rights","03","Commitment to remedy","0.00","2026-05-15 06:44:57+00"
"a165663ad274654cbf5c193b2c3ff706","PT_02548-CSI-2025_A.03","PT_02548","Mercedes-Benz","Public","DE0007100000","529900R27DL06UVNT076","DEU","Europe & Central Asia","Germany","C2910","Motor Vehicles & Parts","t","t","t","t","SO","Social","CSI","Social Benchmark","CSI-2025","CSI","Social Benchmark","2025","A","Respecting human rights","03","Commitment to remedy","0.00","2026-05-15 06:44:57+00"
"b59d2623bdf85aa515051fc951785986","PT_02007-CSI-2025_A.01","PT_02007","Volkswagen","Public","DE0007664039","529900NNUPAGGOMPXZ31","DEU","Europe & Central Asia","Germany","C2910","Motor Vehicles & Parts","t","t","t","t","SO","Social","CSI","Social Benchmark","CSI-2025","CSI","Social Benchmark","2025","A","Respecting human rights","01","Commitment to respect human rights","1.00","2026-05-15 06:44:57+00"
"b741192dfe2f4a78b6e5233d44186a13","PT_01812-CSI-2025_A.01","PT_01812","Toyota","Public","JP3633400001","5493006W3QUS5LMH6R84","JPN","East Asia & Pacific","Japan","C2910","Motor Vehicles & Parts","t","t","t",,"SO","Social","CSI","Social Benchmark","CSI-2025","CSI","Social Benchmark","2025","A","Respecting human rights","01","Commitment to respect human rights","1.00","2026-05-15 06:44:57+00"
"5e187b34204bee5b42647c9fdc581d71","PT_00261-CSI-2025_A.01","PT_00261","BMW","Public","DE0005190003","YEH5ZCD6E441RHVHD759","DEU","Europe & Central Asia","Germany","C2910","Motor Vehicles & Parts","t","t","t","t","SO","Social","CSI","Social Benchmark","CSI-2025","CSI","Social Benchmark","2025","A","Respecting human rights","01","Commitment to respect human rights","1.00","2026-05-15 06:44:57+00"
"eddba1743678996bb8c842822a8c5664","PT_02548-CSI-2025_A.01","PT_02548","Mercedes-Benz","Public","DE0007100000","529900R27DL06UVNT076","DEU","Europe & Central Asia","Germany","C2910","Motor Vehicles & Parts","t","t","t","t","SO","Social","CSI","Social Benchmark","CSI-2025","CSI","Social Benchmark","2025","A","Respecting human rights","01","Commitment to respect human rights","0.00","2026-05-15 06:44:57+00"
"c54b25ad4c5ea7bd6fdf76886135ec01","PT_02548-CSI-2025_A.02","PT_02548","Mercedes-Benz","Public","DE0007100000","529900R27DL06UVNT076","DEU","Europe & Central Asia","Germany","C2910","Motor Vehicles & Parts","t","t","t","t","SO","Social","CSI","Social Benchmark","CSI-2025","CSI","Social Benchmark","2025","A","Respecting human rights","02","Commitment to respect the human rights of workers","0.00","2026-05-15 06:44:57+00"
"85556de9b4405c5de0536ee1503558e8","PT_02007-CSI-2025_B.11","PT_02007","Volkswagen","Public","DE0007664039","529900NNUPAGGOMPXZ31","DEU","Europe & Central Asia","Germany","C2910","Motor Vehicles & Parts","t","t","t","t","SO","Social","CSI","Social Benchmark","CSI-2025","CSI","Social Benchmark","2025","B","Providing and promoting decent work","11","Working hours fundamentals","0.00","2026-05-15 06:44:57+00"
"c4afd5c6532cdf3caf87e1cd969c216a","PT_02548-CSI-2025_C.15","PT_02548","Mercedes-Benz","Public","DE0007100000","529900R27DL06UVNT076","DEU","Europe & Central Asia","Germany","C2910","Motor Vehicles & Parts","t","t","t","t","SO","Social","CSI","Social Benchmark","CSI-2025","CSI","Social Benchmark","2025","C","Acting ethically","15","Personal data protection fundamentals","0.50","2026-05-15 06:44:57+00"
"4ebc909815f8398cec05df49c2b13e75","PT_02007-CSI-2025_C.15","PT_02007","Volkswagen","Public","DE0007664039","529900NNUPAGGOMPXZ31","DEU","Europe & Central Asia","Germany","C2910","Motor Vehicles & Parts","t","t","t","t","SO","Social","CSI","Social Benchmark","CSI-2025","CSI","Social Benchmark","2025","C","Acting ethically","15","Personal data protection fundamentals","0.50","2026-05-15 06:44:57+00"
"c3913ce086ccc09cbbfb4cc965353424","PT_00261-CSI-2025_B.10","PT_00261","BMW","Public","DE0005190003","YEH5ZCD6E441RHVHD759","DEU","Europe & Central Asia","Germany","C2910","Motor Vehicles & Parts","t","t","t","t","SO","Social","CSI","Social Benchmark","CSI-2025","CSI","Social Benchmark","2025","B","Providing and promoting decent work","10","Living wage fundamentals","0.00","2026-05-15 06:44:57+00"
"b2aeb13e5b9184a755b4966cdac0dd5a","PT_02548-CSI-2025_B.10","PT_02548","Mercedes-Benz","Public","DE0007100000","529900R27DL06UVNT076","DEU","Europe & Central Asia","Germany","C2910","Motor Vehicles & Parts","t","t","t","t","SO","Social","CSI","Social Benchmark","CSI-2025","CSI","Social Benchmark","2025","B","Providing and promoting decent work","10","Living wage fundamentals","0.00","2026-05-15 06:44:57+00"
"cfe0fa8c51574a36de5fdbbab1418a8b","PT_01766-CSI-2025_B.10","PT_01766","Tesla","Public","US88160R1014","54930043XZGB27CTOV49","USA","North America","United States","C2910","Motor Vehicles & Parts","t","t","t",,"SO","Social","CSI","Social Benchmark","CSI-2025","CSI","Social Benchmark","2025","B","Providing and promoting decent work","10","Living wage fundamentals","0.00","2026-05-15 06:44:57+00"
"ce95fe5fded40436a650d08d75302b34","PT_02007-CSI-2025_B.10","PT_02007","Volkswagen","Public","DE0007664039","529900NNUPAGGOMPXZ31","DEU","Europe & Central Asia","Germany","C2910","Motor Vehicles & Parts","t","t","t","t","SO","Social","CSI","Social Benchmark","CSI-2025","CSI","Social Benchmark","2025","B","Providing and promoting decent work","10","Living wage fundamentals","0.50","2026-05-15 06:44:57+00"
"73511476adbe8ce4d1774585b6cf3a5f","PT_01812-CSI-2025_B.10","PT_01812","Toyota","Public","JP3633400001","5493006W3QUS5LMH6R84","JPN","East Asia & Pacific","Japan","C2910","Motor Vehicles & Parts","t","t","t",,"SO","Social","CSI","Social Benchmark","CSI-2025","CSI","Social Benchmark","2025","B","Providing and promoting decent work","10","Living wage fundamentals","0.00","2026-05-15 06:44:57+00"
"fef4a1cdb8a2607c37205eef507dc2b4","PT_01766-CSI-2025_C.17","PT_01766","Tesla","Public","US88160R1014","54930043XZGB27CTOV49","USA","North America","United States","C2910","Motor Vehicles & Parts","t","t","t",,"SO","Social","CSI","Social Benchmark","CSI-2025","CSI","Social Benchmark","2025","C","Acting ethically","17","Anti-bribery and anti-corruption fundamentals","0.50","2026-05-15 06:44:57+00"
"cd0c1c91f3fffd9e67159d4474a28d5d","PT_02548-CSI-2025_C.17","PT_02548","Mercedes-Benz","Public","DE0007100000","529900R27DL06UVNT076","DEU","Europe & Central Asia","Germany","C2910","Motor Vehicles & Parts","t","t","t","t","SO","Social","CSI","Social Benchmark","CSI-2025","CSI","Social Benchmark","2025","C","Acting ethically","17","Anti-bribery and anti-corruption fundamentals","0.75","2026-05-15 06:44:57+00"
"39cfcc57d425990b83a900293f89a880","PT_01812-CSI-2025_C.16","PT_01812","Toyota","Public","JP3633400001","5493006W3QUS5LMH6R84","JPN","East Asia & Pacific","Japan","C2910","Motor Vehicles & Parts","t","t","t",,"SO","Social","CSI","Social Benchmark","CSI-2025","CSI","Social Benchmark","2025","C","Acting ethically","16","Responsible tax fundamentals","0.67","2026-05-15 06:44:57+00"
"52098da7fef6797dec899c2929f7ad6d","PT_00261-CSI-2025_C.16","PT_00261","BMW","Public","DE0005190003","YEH5ZCD6E441RHVHD759","DEU","Europe & Central Asia","Germany","C2910","Motor Vehicles & Parts","t","t","t","t","SO","Social","CSI","Social Benchmark","CSI-2025","CSI","Social Benchmark","2025","C","Acting ethically","16","Responsible tax fundamentals","0.00","2026-05-15 06:44:57+00"
"7092ae37a9864c9a53ed82c32f2e4530","PT_00261-CSI-2025_A.04","PT_00261","BMW","Public","DE0005190003","YEH5ZCD6E441RHVHD759","DEU","Europe & Central Asia","Germany","C2910","Motor Vehicles & Parts","t","t","t","t","SO","Social","CSI","Social Benchmark","CSI-2025","CSI","Social Benchmark","2025","A","Respecting human rights","04","Identifying human rights risks and impacts","0.67","2026-05-15 06:44:57+00"
"974a2ee684d3ce9448ee6eb31d58ca44","PT_02548-CSI-2025_A.04","PT_02548","Mercedes-Benz","Public","DE0007100000","529900R27DL06UVNT076","DEU","Europe & Central Asia","Germany","C2910","Motor Vehicles & Parts","t","t","t","t","SO","Social","CSI","Social Benchmark","CSI-2025","CSI","Social Benchmark","2025","A","Respecting human rights","04","Identifying human rights risks and impacts","1.00","2026-05-15 06:44:57+00"
"f79c7ca07c6effcad2c890f80fd05671","PT_01812-CSI-2025_A.04","PT_01812","Toyota","Public","JP3633400001","5493006W3QUS5LMH6R84","JPN","East Asia & Pacific","Japan","C2910","Motor Vehicles & Parts","t","t","t",,"SO","Social","CSI","Social Benchmark","CSI-2025","CSI","Social Benchmark","2025","A","Respecting human rights","04","Identifying human rights risks and impacts","0.67","2026-05-15 06:44:57+00"
"0da72e756002db7300e21b9b0e8dd92c","PT_01766-CSI-2025_A.04","PT_01766","Tesla","Public","US88160R1014","54930043XZGB27CTOV49","USA","North America","United States","C2910","Motor Vehicles & Parts","t","t","t",,"SO","Social","CSI","Social Benchmark","CSI-2025","CSI","Social Benchmark","2025","A","Respecting human rights","04","Identifying human rights risks and impacts","0.00","2026-05-15 06:44:57+00"
"e91448f73c38b07261c72df9cb7c4b5c","PT_01812-CSI-2025_C.18","PT_01812","Toyota","Public","JP3633400001","5493006W3QUS5LMH6R84","JPN","East Asia & Pacific","Japan","C2910","Motor Vehicles & Parts","t","t","t",,"SO","Social","CSI","Social Benchmark","CSI-2025","CSI","Social Benchmark","2025","C","Acting ethically","18","Responsible lobbying and political engagement fundamentals","0.00","2026-05-15 06:44:57+00"
"aa538da4f8d8dc87eae55ef934c82e17","PT_02007-CSI-2025_C.18","PT_02007","Volkswagen","Public","DE0007664039","529900NNUPAGGOMPXZ31","DEU","Europe & Central Asia","Germany","C2910","Motor Vehicles & Parts","t","t","t","t","SO","Social","CSI","Social Benchmark","CSI-2025","CSI","Social Benchmark","2025","C","Acting ethically","18","Responsible lobbying and political engagement fundamentals","0.00","2026-05-15 06:44:57+00"
"d38becc1e17ac4e345b97cf1e2151fcc","PT_02548-CSI-2025_B.14","PT_02548","Mercedes-Benz","Public","DE0007100000","529900R27DL06UVNT076","DEU","Europe & Central Asia","Germany","C2910","Motor Vehicles & Parts","t","t","t","t","SO","Social","CSI","Social Benchmark","CSI-2025","CSI","Social Benchmark","2025","B","Providing and promoting decent work","14","Gender equality and women’s empowerment fundamentals","0.75","2026-05-15 06:44:57+00"
"50890b4c318a5f7911d9d178cdfaa9f7","PT_02007-CSI-2025_B.14","PT_02007","Volkswagen","Public","DE0007664039","529900NNUPAGGOMPXZ31","DEU","Europe & Central Asia","Germany","C2910","Motor Vehicles & Parts","t","t","t","t","SO","Social","CSI","Social Benchmark","CSI-2025","CSI","Social Benchmark","2025","B","Providing and promoting decent work","14","Gender equality and women’s empowerment fundamentals","0.50","2026-05-15 06:44:57+00"
"3ce6cf0982eef15c6e9de68a19a77182","PT_01812-CSI-2025_A.06","PT_01812","Toyota","Public","JP3633400001","5493006W3QUS5LMH6R84","JPN","East Asia & Pacific","Japan","C2910","Motor Vehicles & Parts","t","t","t",,"SO","Social","CSI","Social Benchmark","CSI-2025","CSI","Social Benchmark","2025","A","Respecting human rights","06","Integrating and acting on human rights risk and impact assessments","0.50","2026-05-15 06:44:57+00"
"bcb8cdc8b221c571a17a4b31b6685c97","PT_00261-CSI-2025_A.07","PT_00261","BMW","Public","DE0005190003","YEH5ZCD6E441RHVHD759","DEU","Europe & Central Asia","Germany","C2910","Motor Vehicles & Parts","t","t","t","t","SO","Social","CSI","Social Benchmark","CSI-2025","CSI","Social Benchmark","2025","A","Respecting human rights","07","Grievance mechanisms for workers","1.00","2026-05-15 06:44:57+00"
"b87acc8ab0072c56f9a5a9a4b384e80d","PT_02548-CSI-2025_A.07","PT_02548","Mercedes-Benz","Public","DE0007100000","529900R27DL06UVNT076","DEU","Europe & Central Asia","Germany","C2910","Motor Vehicles & Parts","t","t","t","t","SO","Social","CSI","Social Benchmark","CSI-2025","CSI","Social Benchmark","2025","A","Respecting human rights","07","Grievance mechanisms for workers","1.00","2026-05-15 06:44:57+00"
"e70b265b3513555e9778508e3a2a2b16","PT_01812-CSI-2025_A.07","PT_01812","Toyota","Public","JP3633400001","5493006W3QUS5LMH6R84","JPN","East Asia & Pacific","Japan","C2910","Motor Vehicles & Parts","t","t","t",,"SO","Social","CSI","Social Benchmark","CSI-2025","CSI","Social Benchmark","2025","A","Respecting human rights","07","Grievance mechanisms for workers","1.00","2026-05-15 06:44:57+00"
"b99153903c1aff2ed49037a6b0093bd8","PT_01766-CSI-2025_A.07","PT_01766","Tesla","Public","US88160R1014","54930043XZGB27CTOV49","USA","North America","United States","C2910","Motor Vehicles & Parts","t","t","t",,"SO","Social","CSI","Social Benchmark","CSI-2025","CSI","Social Benchmark","2025","A","Respecting human rights","07","Grievance mechanisms for workers","0.00","2026-05-15 06:44:57+00"
"cbd442a041b3a7d66805ec547bda38b8","PT_00261-CSI-2025_B.12","PT_00261","BMW","Public","DE0005190003","YEH5ZCD6E441RHVHD759","DEU","Europe & Central Asia","Germany","C2910","Motor Vehicles & Parts","t","t","t","t","SO","Social","CSI","Social Benchmark","CSI-2025","CSI","Social Benchmark","2025","B","Providing and promoting decent work","12","Collective bargaining fundamentals","0.50","2026-05-15 06:44:57+00"
"944d4dcaafe81f361e506f9a186eb50c","PT_02007-CSI-2025_B.12","PT_02007","Volkswagen","Public","DE0007664039","529900NNUPAGGOMPXZ31","DEU","Europe & Central Asia","Germany","C2910","Motor Vehicles & Parts","t","t","t","t","SO","Social","CSI","Social Benchmark","CSI-2025","CSI","Social Benchmark","2025","B","Providing and promoting decent work","12","Collective bargaining fundamentals","0.00","2026-05-15 06:44:57+00"
"2ec8aeb54ed6204ed31121f4056d3758","PT_00261-CSI-2025_B.13","PT_00261","BMW","Public","DE0005190003","YEH5ZCD6E441RHVHD759","DEU","Europe & Central Asia","Germany","C2910","Motor Vehicles & Parts","t","t","t","t","SO","Social","CSI","Social Benchmark","CSI-2025","CSI","Social Benchmark","2025","B","Providing and promoting decent work","13","Workforce diversity disclosure fundamentals","0.67","2026-05-15 06:44:57+00"
"ae67635f51ac27cc82604cf1565ac5ff","PT_02007-CSI-2025_A.03","PT_02007","Volkswagen","Public","DE0007664039","529900NNUPAGGOMPXZ31","DEU","Europe & Central Asia","Germany","C2910","Motor Vehicles & Parts","t","t","t","t","SO","Social","CSI","Social Benchmark","CSI-2025","CSI","Social Benchmark","2025","A","Respecting human rights","03","Commitment to remedy","0.00","2026-05-15 06:44:57+00"
"3a2de36e66a4b72cde8a5b543e17c92e","PT_00261-CSI-2025_A.03","PT_00261","BMW","Public","DE0005190003","YEH5ZCD6E441RHVHD759","DEU","Europe & Central Asia","Germany","C2910","Motor Vehicles & Parts","t","t","t","t","SO","Social","CSI","Social Benchmark","CSI-2025","CSI","Social Benchmark","2025","A","Respecting human rights","03","Commitment to remedy","1.00","2026-05-15 06:44:57+00"
"7d911eb693ed321219d42eab6f565874","PT_01812-CSI-2025_A.02","PT_01812","Toyota","Public","JP3633400001","5493006W3QUS5LMH6R84","JPN","East Asia & Pacific","Japan","C2910","Motor Vehicles & Parts","t","t","t",,"SO","Social","CSI","Social Benchmark","CSI-2025","CSI","Social Benchmark","2025","A","Respecting human rights","02","Commitment to respect the human rights of workers","0.00","2026-05-15 06:44:57+00"
"9e6074ed3d9375afbbee771dffe581d9","PT_02007-CSI-2025_A.02","PT_02007","Volkswagen","Public","DE0007664039","529900NNUPAGGOMPXZ31","DEU","Europe & Central Asia","Germany","C2910","Motor Vehicles & Parts","t","t","t","t","SO","Social","CSI","Social Benchmark","CSI-2025","CSI","Social Benchmark","2025","A","Respecting human rights","02","Commitment to respect the human rights of workers","0.50","2026-05-15 06:44:57+00"
"2bfa25c2e53388dd383ed0ec0163a630","PT_02548-CSI-2025_B.11","PT_02548","Mercedes-Benz","Public","DE0007100000","529900R27DL06UVNT076","DEU","Europe & Central Asia","Germany","C2910","Motor Vehicles & Parts","t","t","t","t","SO","Social","CSI","Social Benchmark","CSI-2025","CSI","Social Benchmark","2025","B","Providing and promoting decent work","11","Working hours fundamentals","0.00","2026-05-15 06:44:57+00"
"e0f26d910b5ab60fb4319529c491b9aa","PT_00261-CSI-2025_B.11","PT_00261","BMW","Public","DE0005190003","YEH5ZCD6E441RHVHD759","DEU","Europe & Central Asia","Germany","C2910","Motor Vehicles & Parts","t","t","t","t","SO","Social","CSI","Social Benchmark","CSI-2025","CSI","Social Benchmark","2025","B","Providing and promoting decent work","11","Working hours fundamentals","0.00","2026-05-15 06:44:57+00"
"f3805eb558dea29c03558fb9b768893d","PT_01766-CSI-2025_B.11","PT_01766","Tesla","Public","US88160R1014","54930043XZGB27CTOV49","USA","North America","United States","C2910","Motor Vehicles & Parts","t","t","t",,"SO","Social","CSI","Social Benchmark","CSI-2025","CSI","Social Benchmark","2025","B","Providing and promoting decent work","11","Working hours fundamentals","0.00","2026-05-15 06:44:57+00"
"b05704da3c47c2a6c1770d38bb9aa83e","PT_00261-CSI-2025_C.15","PT_00261","BMW","Public","DE0005190003","YEH5ZCD6E441RHVHD759","DEU","Europe & Central Asia","Germany","C2910","Motor Vehicles & Parts","t","t","t","t","SO","Social","CSI","Social Benchmark","CSI-2025","CSI","Social Benchmark","2025","C","Acting ethically","15","Personal data protection fundamentals","0.50","2026-05-15 06:44:57+00"
"27733e3836e908503ae075e640c7679b","PT_01812-CSI-2025_C.15","PT_01812","Toyota","Public","JP3633400001","5493006W3QUS5LMH6R84","JPN","East Asia & Pacific","Japan","C2910","Motor Vehicles & Parts","t","t","t",,"SO","Social","CSI","Social Benchmark","CSI-2025","CSI","Social Benchmark","2025","C","Acting ethically","15","Personal data protection fundamentals","0.50","2026-05-15 06:44:57+00"
"44ba81a4c4fb60a63c1bb3c2c2ea012d","PT_01812-CSI-2025_C.17","PT_01812","Toyota","Public","JP3633400001","5493006W3QUS5LMH6R84","JPN","East Asia & Pacific","Japan","C2910","Motor Vehicles & Parts","t","t","t",,"SO","Social","CSI","Social Benchmark","CSI-2025","CSI","Social Benchmark","2025","C","Acting ethically","17","Anti-bribery and anti-corruption fundamentals","0.75","2026-05-15 06:44:57+00"
"5f9cfd24499fa052cc95504dec50ca3e","PT_02007-CSI-2025_C.17","PT_02007","Volkswagen","Public","DE0007664039","529900NNUPAGGOMPXZ31","DEU","Europe & Central Asia","Germany","C2910","Motor Vehicles & Parts","t","t","t","t","SO","Social","CSI","Social Benchmark","CSI-2025","CSI","Social Benchmark","2025","C","Acting ethically","17","Anti-bribery and anti-corruption fundamentals","0.75","2026-05-15 06:44:57+00"
"52ef209f067577eeedfde5acc492c5bc","PT_02007-CSI-2025_A.04","PT_02007","Volkswagen","Public","DE0007664039","529900NNUPAGGOMPXZ31","DEU","Europe & Central Asia","Germany","C2910","Motor Vehicles & Parts","t","t","t","t","SO","Social","CSI","Social Benchmark","CSI-2025","CSI","Social Benchmark","2025","A","Respecting human rights","04","Identifying human rights risks and impacts","0.67","2026-05-15 06:44:57+00"
"e9deaff2896f2d527300ff02fa8f962b","PT_02548-CSI-2025_C.18","PT_02548","Mercedes-Benz","Public","DE0007100000","529900R27DL06UVNT076","DEU","Europe & Central Asia","Germany","C2910","Motor Vehicles & Parts","t","t","t","t","SO","Social","CSI","Social Benchmark","CSI-2025","CSI","Social Benchmark","2025","C","Acting ethically","18","Responsible lobbying and political engagement fundamentals","0.00","2026-05-15 06:44:57+00"
"4c4e6d2f09745184921923c24b5ef06e","PT_01766-CSI-2025_C.18","PT_01766","Tesla","Public","US88160R1014","54930043XZGB27CTOV49","USA","North America","United States","C2910","Motor Vehicles & Parts","t","t","t",,"SO","Social","CSI","Social Benchmark","CSI-2025","CSI","Social Benchmark","2025","C","Acting ethically","18","Responsible lobbying and political engagement fundamentals","0.00","2026-05-15 06:44:57+00"
"3483f3d914915829657fc665b8e39b3b","PT_01812-CSI-2025_B.14","PT_01812","Toyota","Public","JP3633400001","5493006W3QUS5LMH6R84","JPN","East Asia & Pacific","Japan","C2910","Motor Vehicles & Parts","t","t","t",,"SO","Social","CSI","Social Benchmark","CSI-2025","CSI","Social Benchmark","2025","B","Providing and promoting decent work","14","Gender equality and women’s empowerment fundamentals","0.25","2026-05-15 06:44:57+00"
"da088e354b091474d15f61f6aeba05aa","PT_02548-CSI-2025_A.05","PT_02548","Mercedes-Benz","Public","DE0007100000","529900R27DL06UVNT076","DEU","Europe & Central Asia","Germany","C2910","Motor Vehicles & Parts","t","t","t","t","SO","Social","CSI","Social Benchmark","CSI-2025","CSI","Social Benchmark","2025","A","Respecting human rights","05","Assessing human rights risks and impacts","0.75","2026-05-15 06:44:57+00"
"f9c99748654497668c92f88ed3a55af8","PT_01766-CSI-2025_A.05","PT_01766","Tesla","Public","US88160R1014","54930043XZGB27CTOV49","USA","North America","United States","C2910","Motor Vehicles & Parts","t","t","t",,"SO","Social","CSI","Social Benchmark","CSI-2025","CSI","Social Benchmark","2025","A","Respecting human rights","05","Assessing human rights risks and impacts","0.25","2026-05-15 06:44:57+00"
"310d300f5b7c8f6a42bbcc94cc971b34","PT_02007-CSI-2025_A.05","PT_02007","Volkswagen","Public","DE0007664039","529900NNUPAGGOMPXZ31","DEU","Europe & Central Asia","Germany","C2910","Motor Vehicles & Parts","t","t","t","t","SO","Social","CSI","Social Benchmark","CSI-2025","CSI","Social Benchmark","2025","A","Respecting human rights","05","Assessing human rights risks and impacts","0.25","2026-05-15 06:44:57+00"
"eae69033ccce396a42b1ac763b7c1985","PT_01812-CSI-2025_B.12","PT_01812","Toyota","Public","JP3633400001","5493006W3QUS5LMH6R84","JPN","East Asia & Pacific","Japan","C2910","Motor Vehicles & Parts","t","t","t",,"SO","Social","CSI","Social Benchmark","CSI-2025","CSI","Social Benchmark","2025","B","Providing and promoting decent work","12","Collective bargaining fundamentals","0.50","2026-05-15 06:44:57+00"
"24d005e9369001efecdb58443f00d52c","PT_01812-CSI-2025_B.13","PT_01812","Toyota","Public","JP3633400001","5493006W3QUS5LMH6R84","JPN","East Asia & Pacific","Japan","C2910","Motor Vehicles & Parts","t","t","t",,"SO","Social","CSI","Social Benchmark","CSI-2025","CSI","Social Benchmark","2025","B","Providing and promoting decent work","13","Workforce diversity disclosure fundamentals","1.00","2026-05-15 06:44:57+00"
"09c197ff72f03ca5ba0ff13685f4740f","PT_02007-CSI-2025_B.13","PT_02007","Volkswagen","Public","DE0007664039","529900NNUPAGGOMPXZ31","DEU","Europe & Central Asia","Germany","C2910","Motor Vehicles & Parts","t","t","t","t","SO","Social","CSI","Social Benchmark","CSI-2025","CSI","Social Benchmark","2025","B","Providing and promoting decent work","13","Workforce diversity disclosure fundamentals","0.67","2026-05-15 06:44:57+00"
"bb7fdb28d1a3d55221311a4c1167fed1","PT_01766-CSI-2025_A.01","PT_01766","Tesla","Public","US88160R1014","54930043XZGB27CTOV49","USA","North America","United States","C2910","Motor Vehicles & Parts","t","t","t",,"SO","Social","CSI","Social Benchmark","CSI-2025","CSI","Social Benchmark","2025","A","Respecting human rights","01","Commitment to respect human rights","0.00","2026-05-15 06:44:57+00"
"6923b5dbf83e0dc50b3ddc6c32932225","PT_01766-CSI-2025_A.02","PT_01766","Tesla","Public","US88160R1014","54930043XZGB27CTOV49","USA","North America","United States","C2910","Motor Vehicles & Parts","t","t","t",,"SO","Social","CSI","Social Benchmark","CSI-2025","CSI","Social Benchmark","2025","A","Respecting human rights","02","Commitment to respect the human rights of workers","0.00","2026-05-15 06:44:57+00"
"c95225cba8eca03afdc2b3f03db72dc4","PT_00261-CSI-2025_A.02","PT_00261","BMW","Public","DE0005190003","YEH5ZCD6E441RHVHD759","DEU","Europe & Central Asia","Germany","C2910","Motor Vehicles & Parts","t","t","t","t","SO","Social","CSI","Social Benchmark","CSI-2025","CSI","Social Benchmark","2025","A","Respecting human rights","02","Commitment to respect the human rights of workers","0.50","2026-05-15 06:44:57+00"
"67853c1dc253503b976a5f1d443bece3","PT_01812-CSI-2025_B.11","PT_01812","Toyota","Public","JP3633400001","5493006W3QUS5LMH6R84","JPN","East Asia & Pacific","Japan","C2910","Motor Vehicles & Parts","t","t","t",,"SO","Social","CSI","Social Benchmark","CSI-2025","CSI","Social Benchmark","2025","B","Providing and promoting decent work","11","Working hours fundamentals","0.00","2026-05-15 06:44:57+00"
"b250170eeddc770f5161c90fe0600e37","PT_01766-CSI-2025_C.15","PT_01766","Tesla","Public","US88160R1014","54930043XZGB27CTOV49","USA","North America","United States","C2910","Motor Vehicles & Parts","t","t","t",,"SO","Social","CSI","Social Benchmark","CSI-2025","CSI","Social Benchmark","2025","C","Acting ethically","15","Personal data protection fundamentals","0.50","2026-05-15 06:44:57+00"
